﻿<?xml version="1.0" encoding="utf-8"?>
<scenario>
  <world>
    <region name="Cameroon">
      <demographics>
        <populationMiniCAM year="1975">
          <totalPop>7838</totalPop>
        </populationMiniCAM>
        <populationMiniCAM year="1990">
          <totalPop>12181</totalPop>
        </populationMiniCAM>
        <populationMiniCAM year="2005">
          <totalPop>17554</totalPop>
        </populationMiniCAM>
        <populationMiniCAM year="2010">
          <totalPop>20341</totalPop>
        </populationMiniCAM>
        <populationMiniCAM year="2015">
          <totalPop>23298</totalPop>
        </populationMiniCAM>
        <populationMiniCAM year="2020">
          <totalPop>26360</totalPop>
        </populationMiniCAM>
        <populationMiniCAM year="2025">
          <totalPop>29679</totalPop>
        </populationMiniCAM>
        <populationMiniCAM year="2030">
          <totalPop>30022</totalPop>
        </populationMiniCAM>
        <populationMiniCAM year="2035">
          <totalPop>33472</totalPop>
        </populationMiniCAM>
        <populationMiniCAM year="2040">
          <totalPop>40000</totalPop>
        </populationMiniCAM>
        <populationMiniCAM year="2045">
          <totalPop>44164</totalPop>
        </populationMiniCAM>
        <populationMiniCAM year="2050">
          <totalPop>48760</totalPop>
        </populationMiniCAM>
        <populationMiniCAM year="2055">
          <totalPop>34164</totalPop>
        </populationMiniCAM>
        <populationMiniCAM year="2060">
          <totalPop>34971</totalPop>
        </populationMiniCAM>
        <populationMiniCAM year="2065">
          <totalPop>35597</totalPop>
        </populationMiniCAM>
        <populationMiniCAM year="2070">
          <totalPop>36069</totalPop>
        </populationMiniCAM>
        <populationMiniCAM year="2075">
          <totalPop>36409</totalPop>
        </populationMiniCAM>
        <populationMiniCAM year="2080">
          <totalPop>36583</totalPop>
        </populationMiniCAM>
        <populationMiniCAM year="2085">
          <totalPop>36602</totalPop>
        </populationMiniCAM>
        <populationMiniCAM year="2090">
          <totalPop>36470</totalPop>
        </populationMiniCAM>
        <populationMiniCAM year="2095">
          <totalPop>36252</totalPop>
        </populationMiniCAM>
        <populationMiniCAM year="2100">
          <totalPop>35925</totalPop>
        </populationMiniCAM>
      </demographics>
      <GDP>
        <baseGDP>4929</baseGDP>
        <laborforce fillout="1" year="1975">0.5</laborforce>
        <PPPConvert constRatio="1">1.64188</PPPConvert>
        <laborproductivity year="2015">-0.0222854</laborproductivity>
        <laborproductivity year="2020">0.082456</laborproductivity>
        <laborproductivity year="2025">0.0824371</laborproductivity>
        <laborproductivity year="2030">0.0876362</laborproductivity>
        <laborproductivity year="2035">0.0741184</laborproductivity>
        <PPPConvert constRatio="1">2.50000</PPPConvert>
      </GDP>
    </region>
  </world>
</scenario>