﻿<?xml version="1.0" encoding="utf-8"?>
<workspace name="Cameroon">
  <scenarios>
    <scenario name="IEA_data_baseline">
      <file>primary/input_Cameroon.xml</file>
    </scenario>
    <scenario name="reference_baseline" based-on="IEA_data_baseline">
      <file>primary/baseline_scen.xml</file>
    </scenario>
    <scenario name="reference_scen" based-on="reference_baseline">
      <file>primary/reference_scen.xml</file>
    </scenario>
    <scenario name="Alt_1_scen" based-on="reference_scen">
      <file>primary/alt_1.xml</file>
    </scenario>
    <scenario name="Alt_2_scen" based-on="reference_scen">
      <file>primary/alt_2.xml</file>
    </scenario>
  </scenarios>
  <chart-list />
</workspace>